{"schemaVersion":"1.0","appDefinitionTemplate":{"id":"/providers/Microsoft.PowerApps/apps/","type":"Microsoft.PowerApps/apps","tags":{"primaryDeviceWidth":"640","primaryDeviceHeight":"1136","supportsPortrait":"true","supportsLandscape":"true","primaryFormFactor":"Phone","showStatusBar":"false","publisherVersion":"3.24095.15","minimumRequiredApiVersion":"2.2.0","hasComponent":"false","hasUnlockedComponent":"false","isUnifiedRootApp":"false","sienaVersion":"20241011T053841Z-3.24095.15.0"},"properties":{"appVersion":"2024-10-11T05:38:41Z","lifeCycleId":"Published","createdByClientVersion":{"major":3,"minor":24095,"build":15,"revision":0,"majorRevision":0,"minorRevision":0},"minClientVersion":{"major":3,"minor":24095,"build":15,"revision":0,"majorRevision":0,"minorRevision":0},"backgroundColor":"RGBA(0,176,240,1)","backgroundImageUri":"/7671018339844014755/N28b77233-f1a3-4171-b951-bb4d331a5e87-logoSmallFile","displayName":"PW-APP","description":"Facilitate seamless login, data entry, and submission processes with PW-APP. This app empowers users to efficiently manage credentials, select relevant data through intuitive comboboxes, and submit detailed records with ease.","commitMessage":"","appUris":{"documentUri":{"value":"/7671018339844014755/N05b1d103-9732-4401-a9d1-8407a5e1a4dc-document.msapp"},"imageUris":[],"additionalUris":[{"isSolutionAware":false,"value":"/7671018339844014755/N986424e8-7e2f-4ddb-aaec-bcef4b6c4f1f-identity.json"}]},"createdTime":"0001-01-01T00:00:00Z","lastModifiedTime":"0001-01-01T00:00:00Z","sharedGroupsCount":0,"sharedUsersCount":0,"connectionReferences":{"59c5fab9-e75c-4b9a-bb99-0001ac241ffe":{"id":"e281ef73-72a6-43b9-a1f5-bd0fce570c8d","displayName":"SharePoint","iconUri":"https://connectoricons-prod.azureedge.net/u/jayawan/releases/v1.0.1697/1.0.1697.3786/sharepointonline/icon.png","dataSources":["PW","MRS-CLS/DMR-dd","MRSLoginCredential"],"dependencies":[],"dependents":[],"parameterHints":{},"parameterHintsV2":{},"isOnPremiseConnection":false,"bypassConsent":false,"dataSets":{"https://pandc2com-my.sharepoint.com/personal/developer_pandc2_com":{"dataSources":{"PW":{"tableName":"4f5ea3b4-4590-4add-bdd7-b0467183edb7"}}},"https://pandc2com.sharepoint.com/sites/MRS":{"dataSources":{"MRS-CLS/DMR-dd":{"tableName":"1296c3cd-a54b-486e-b54a-7f8c03cb03b8"},"MRSLoginCredential":{"tableName":"81351273-9443-483c-8da2-2da1a4cd1181"}}}},"apiTier":"Standard","isCustomApiConnection":false,"actions":["providers/PowerPlatform.Governance/Operations/Read","providers/PowerPlatform.Governance/Operations/Write"]}},"databaseReferences":{},"almMode":"Environment","performanceOptimizationEnabled":false,"canConsumeAppPass":false,"enableModernRuntimeMode":false,"executionRestrictions":{"isTeamsOnly":false,"dataLossPreventionEvaluationResult":{"status":"Compliant","lastEvaluationDate":"2024-09-16T09:04:32.0260084Z","violations":[],"violationsByPolicy":[],"violationErrorMessage":"The app uses the following connectors: ."}}},"appType":"ClassicCanvasApp","appComponents":[]}}