{"schemaVersion":"1.0","appDefinitionTemplate":{"id":"/providers/Microsoft.PowerApps/apps/","type":"Microsoft.PowerApps/apps","tags":{"primaryDeviceWidth":"640","primaryDeviceHeight":"1136","supportsPortrait":"true","supportsLandscape":"true","primaryFormFactor":"Phone","showStatusBar":"false","publisherVersion":"3.24112.13","minimumRequiredApiVersion":"2.2.0","hasComponent":"false","hasUnlockedComponent":"false","isUnifiedRootApp":"false","sienaVersion":"20241207T104239Z-3.24112.13.0"},"properties":{"appVersion":"2024-12-07T10:42:39Z","lifeCycleId":"Published","createdByClientVersion":{"major":3,"minor":24112,"build":13,"revision":0,"majorRevision":0,"minorRevision":0},"minClientVersion":{"major":3,"minor":24112,"build":13,"revision":0,"majorRevision":0,"minorRevision":0},"backgroundColor":"RGBA(0,176,240,1)","backgroundImageUri":"/15703545056880339324/Nb86ee8d5-519a-4716-92ea-9ed47209e1c1-logoSmallFile","displayName":"MRS-LabourPhotos Attendance","description":"beta","commitMessage":"","appUris":{"documentUri":{"value":"/15703545056880339324/N82cc8e71-8bf3-47ac-a15b-276cb29c029e-document.msapp"},"imageUris":[],"additionalUris":[{"isSolutionAware":false,"value":"/15703545056880339324/N2f6b2eca-5964-4729-b13a-fb678e5e45c2-identity.json"}]},"createdTime":"0001-01-01T00:00:00Z","lastModifiedTime":"0001-01-01T00:00:00Z","sharedGroupsCount":0,"sharedUsersCount":0,"connectionReferences":{"1a5c3bd3-9b6a-4624-b321-94e9bfa615bd":{"id":"032d6771-b7a0-4300-974e-55cb26eeca0a","displayName":"SharePoint","iconUri":"https://connectoricons-prod.azureedge.net/u/jayawan/releases/v1.0.1697/1.0.1697.3786/sharepointonline/icon.png","dataSources":["MRS-CLS/DMR-dd","MRS-LabourPhotos","MRSLoginCredential"],"dependencies":[],"dependents":[],"parameterHints":{},"parameterHintsV2":{},"isOnPremiseConnection":false,"bypassConsent":false,"dataSets":{"https://pandc2com.sharepoint.com/sites/MRS":{"dataSources":{"MRS-CLS/DMR-dd":{"tableName":"1296c3cd-a54b-486e-b54a-7f8c03cb03b8"},"MRS-LabourPhotos":{"tableName":"c7b32027-700f-4bdc-af8d-9f383f7cda73"},"MRSLoginCredential":{"tableName":"81351273-9443-483c-8da2-2da1a4cd1181"}}}},"apiTier":"Standard","isCustomApiConnection":false,"actions":["providers/PowerPlatform.Governance/Operations/Read","providers/PowerPlatform.Governance/Operations/Write"]}},"databaseReferences":{},"almMode":"Solution","performanceOptimizationEnabled":true,"canConsumeAppPass":true,"enableModernRuntimeMode":false,"executionRestrictions":{"isTeamsOnly":false,"dataLossPreventionEvaluationResult":{"status":"Compliant","lastEvaluationDate":"2024-06-22T11:56:24.7219082Z","violations":[],"violationsByPolicy":[],"violationErrorMessage":"The app uses the following connectors: shared_sharepointonline."}}},"appType":"ClassicCanvasApp","appComponents":[]}}