{"schemaVersion":"1.0","appDefinitionTemplate":{"id":"/providers/Microsoft.PowerApps/apps/","type":"Microsoft.PowerApps/apps","tags":{"primaryDeviceWidth":"640","primaryDeviceHeight":"1136","supportsPortrait":"true","supportsLandscape":"true","primaryFormFactor":"Phone","showStatusBar":"false","publisherVersion":"3.24075.14","minimumRequiredApiVersion":"2.2.0","hasComponent":"false","hasUnlockedComponent":"false","isUnifiedRootApp":"false","sienaVersion":"20240807T052035Z-3.24075.14.0"},"properties":{"appVersion":"2024-08-07T05:20:35Z","lifeCycleId":"Published","createdByClientVersion":{"major":3,"minor":24075,"build":14,"revision":0,"majorRevision":0,"minorRevision":0},"minClientVersion":{"major":3,"minor":24075,"build":14,"revision":0,"majorRevision":0,"minorRevision":0},"backgroundColor":"rgba(255, 255, 255, 1)","backgroundImageUri":"/2736800410824401575/Nece897a2-0bac-4637-bb1f-5da203173512-logoSmallFile","displayName":"Adayar-LabourPhotos","description":"beta3","commitMessage":"","appUris":{"documentUri":{"value":"/2736800410824401575/Naad8459f-eb58-47b0-93ce-35dc99c9c2ea-document.msapp"},"imageUris":[],"additionalUris":[{"isSolutionAware":false,"value":"/2736800410824401575/N705f458e-0a90-4d71-879d-d39339b62d46-identity.json"}]},"createdTime":"0001-01-01T00:00:00Z","lastModifiedTime":"0001-01-01T00:00:00Z","sharedGroupsCount":0,"sharedUsersCount":0,"connectionReferences":{"438c85e6-cbe1-4a40-a096-525f44537905":{"id":"fe5982e3-389a-4d4e-8473-b097605494e5","displayName":"SharePoint","iconUri":"https://connectoricons-prod.azureedge.net/u/jayawan/releases/v1.0.1697/1.0.1697.3786/sharepointonline/icon.png","dataSources":["Adayar-LabourPhotos","Adayar-CLS/DMR-dd"],"dependencies":[],"dependents":[],"parameterHints":{},"parameterHintsV2":{},"isOnPremiseConnection":false,"bypassConsent":false,"dataSets":{"https://pandc2com-my.sharepoint.com/personal/developer_pandc2_com":{"dataSources":{"Adayar-LabourPhotos":{"tableName":"e8c35bbe-f069-42ab-bf6e-1e28fded8b49"},"Adayar-CLS/DMR-dd":{"tableName":"da823008-ee07-4af0-b442-ef1204e8ce80"}}}},"apiTier":"Standard","isCustomApiConnection":false,"actions":["providers/PowerPlatform.Governance/Operations/Read","providers/PowerPlatform.Governance/Operations/Write"]},"4648098b-7ee0-490b-8c4e-cedfbcec191d":{"id":"fe5982e3-389a-4d4e-8473-b097605494e5","displayName":"SharePoint","iconUri":"https://connectoricons-prod.azureedge.net/u/jayawan/releases/v1.0.1697/1.0.1697.3786/sharepointonline/icon.png","dataSources":["AdayarLoginCredential"],"dependencies":[],"dependents":[],"parameterHints":{},"parameterHintsV2":{},"isOnPremiseConnection":false,"bypassConsent":false,"dataSets":{"https://pandc2com-my.sharepoint.com/personal/developer_pandc2_com":{"dataSources":{"AdayarLoginCredential":{"tableName":"070d6015-f60a-4ec2-af93-4a1525f8d61c"}}}},"apiTier":"Standard","isCustomApiConnection":false,"actions":["providers/PowerPlatform.Governance/Operations/Read"]}},"databaseReferences":{},"almMode":"Environment","performanceOptimizationEnabled":true,"canConsumeAppPass":true,"enableModernRuntimeMode":false,"executionRestrictions":{"isTeamsOnly":false,"dataLossPreventionEvaluationResult":{"status":"Compliant","lastEvaluationDate":"2024-06-24T04:53:33.8404073Z","violations":[],"violationsByPolicy":[],"violationErrorMessage":"The app uses the following connectors: shared_sharepointonline."}}},"appType":"ClassicCanvasApp","appComponents":[]}}