{"schemaVersion":"1.0","appDefinitionTemplate":{"id":"/providers/Microsoft.PowerApps/apps/","type":"Microsoft.PowerApps/apps","tags":{"primaryDeviceWidth":"640","primaryDeviceHeight":"1136","supportsPortrait":"true","supportsLandscape":"true","primaryFormFactor":"Phone","showStatusBar":"false","publisherVersion":"3.24075.14","minimumRequiredApiVersion":"2.2.0","hasComponent":"false","hasUnlockedComponent":"false","isUnifiedRootApp":"false","sienaVersion":"20240807T054017Z-3.24075.14.0"},"properties":{"appVersion":"2024-08-07T05:40:17Z","lifeCycleId":"Published","createdByClientVersion":{"major":3,"minor":24075,"build":14,"revision":0,"majorRevision":0,"minorRevision":0},"minClientVersion":{"major":3,"minor":24075,"build":14,"revision":0,"majorRevision":0,"minorRevision":0},"backgroundColor":"RGBA(0,176,240,1)","backgroundImageUri":"/11399747349041416804/Nc3ba9b55-813e-4eae-8aba-0dc890f2c427-logoSmallFile","displayName":"Adayar-ProgressPhotos","description":"beta Test3","commitMessage":"","appUris":{"documentUri":{"value":"/11399747349041416804/N72165983-3c34-409e-bb15-1657d5f2b099-document.msapp"},"imageUris":[],"additionalUris":[{"isSolutionAware":false,"value":"/11399747349041416804/N17fdc205-f010-477b-a16d-64fdd14c9c45-identity.json"}]},"createdTime":"0001-01-01T00:00:00Z","lastModifiedTime":"0001-01-01T00:00:00Z","sharedGroupsCount":0,"sharedUsersCount":0,"connectionReferences":{"e439ebd9-37a0-4cbf-bc26-f248927a6d8c":{"id":"fe5982e3-389a-4d4e-8473-b097605494e5","displayName":"SharePoint","iconUri":"https://connectoricons-prod.azureedge.net/u/jayawan/releases/v1.0.1697/1.0.1697.3786/sharepointonline/icon.png","dataSources":["Adayar-CLS/DMR-dd","Adayar-ProgressPhotos","AdayarLoginCredential"],"dependencies":[],"dependents":[],"parameterHints":{},"parameterHintsV2":{},"isOnPremiseConnection":false,"bypassConsent":false,"dataSets":{"https://pandc2com-my.sharepoint.com/personal/developer_pandc2_com":{"dataSources":{"Adayar-CLS/DMR-dd":{"tableName":"da823008-ee07-4af0-b442-ef1204e8ce80"},"Adayar-ProgressPhotos":{"tableName":"427d4d17-7cbb-4cab-b62b-d3ef9ba215c5"},"AdayarLoginCredential":{"tableName":"070d6015-f60a-4ec2-af93-4a1525f8d61c"}}}},"apiTier":"Standard","isCustomApiConnection":false,"actions":["providers/PowerPlatform.Governance/Operations/Read","providers/PowerPlatform.Governance/Operations/Write"]}},"databaseReferences":{},"almMode":"Environment","performanceOptimizationEnabled":true,"canConsumeAppPass":true,"enableModernRuntimeMode":false,"executionRestrictions":{"isTeamsOnly":false,"dataLossPreventionEvaluationResult":{"status":"Compliant","lastEvaluationDate":"2024-06-22T09:12:03.6258638Z","violations":[],"violationsByPolicy":[],"violationErrorMessage":"The app uses the following connectors: shared_sharepointonline."}}},"appType":"ClassicCanvasApp","appComponents":[]}}